<?xml version="1.0" encoding="utf-8"?>

<!--
- conversion-service.xml
-
- Copyright (c) 2012-2021 Rafael Corchuelo.
-
- In keeping with the traditional purpose of furthering education and research, it is
- the policy of the copyright owner to permit non-commercial use and redistribution of
- this software. It has been tested carefully, but it is not guaranteed for any particular
- purposes.  The copyright owner does not offer any warranties or representations, nor do
- they accept any liabilities with respect to them.
-->

<beans 
	xmlns="http://www.springframework.org/schema/beans"
	xmlns:xsi="http://www.w3.org/2001/XMLSchema-instance"
	xsi:schemaLocation="http://www.springframework.org/schema/beans http://www.springframework.org/schema/beans/spring-beans.xsd"
>

	<bean id="conversionService" class="org.springframework.format.support.FormattingConversionServiceFactoryBean">
		<property name="formatters">
			<list>
				<bean class="acme.framework.utilities.LocalisedDateFormatter"/>
				<bean class="acme.framework.utilities.LocalisedMoneyFormatter"/>
			</list>
		</property>
	</bean>
		
</beans>
